{"cameraMode":{"drawMode":0,"name":"Shaded","section":"Shading Mode"},"sceneLighting":true,"audioPlay":false,"sceneViewState":{"m_AlwaysRefresh":false,"showFog":true,"showSkybox":true,"showFlares":true,"showImageEffects":true,"showParticleSystems":true,"showVisualEffectGraphs":true,"m_FxEnabled":true},"in2DMode":false,"pivot":{"x":0.5189192295074463,"y":-1.3554086685180665,"z":-1.2194328308105469},"rotation":{"x":0.0007257990655489266,"y":-0.9141849279403687,"z":0.4053031802177429,"w":0.0016378069994971157},"size":2.5048694610595705,"orthographic":false}